{
  "token_acc":1.0,
  "token_p":1.0,
  "token_r":1.0,
  "token_f":1.0,
  "cats_score":0.7248697136,
  "cats_score_desc":"macro F",
  "cats_micro_p":0.8032345013,
  "cats_micro_r":0.8032345013,
  "cats_micro_f":0.8032345013,
  "cats_macro_p":0.8045203048,
  "cats_macro_r":0.7021483021,
  "cats_macro_f":0.7248697136,
  "cats_macro_auc":0.7941441441,
  "cats_f_per_type":{
    "DISASTER":{
      "p":0.8064516129,
      "r":0.4504504505,
      "f":0.5780346821
    },
    "OTHER":{
      "p":0.8025889968,
      "r":0.9538461538,
      "f":0.8717047452
    }
  },
  "cats_auc_per_type":{
    "DISASTER":0.7941441441,
    "OTHER":0.7941441441
  },
  "speed":57555.6589230576
}